{
  "episode": 0,
  "timestamp": "2025-03-16T00:38:26.991398-04:00",
  "weights": [
    2.079898917550778,
    1.0769990160597922,
    0.08182680424151986
  ]
}