{
  "episode": 0,
  "weights": [
    2.002063064111004,
    1.044487559113052,
    -0.025886701599350272
  ],
  "datetime": "2025-03-14T12:21:31.746959-04:00"
}