{
  "episode": 0,
  "timestamp": "2025-03-16T00:25:24.859082-04:00",
  "weights": [
    1.999549294427337,
    1.0046040127749556,
    -0.002430122529305521
  ]
}