{
  "episode": 0,
  "timestamp": "2025-03-15T19:19:52.753805-04:00",
  "weights": [
    1.9944040616237828,
    0.9972020308118914,
    -0.008499955124070868
  ]
}